id;name;skills;shift_start;shift_end;break_from;break_to;break_min;vehicle_type;home_lat;home_lon;home_address;onboard_equipment;max_overtime_min
ENG-01;Петров Максим;hvac:3;09:00;18:00;12:00;15:00;45;car;55.770553;37.663393;Басманный, Спартаковская пл., д. 35, к. 4;EQ-GAUGE|EQ-SCREW;60
ENG-02;Иванов Павел;it:2;08:00;17:00;12:00;15:00;45;transit;55.854679;37.351627;Митино, Дубравная ул., д. 11;EQ-LAPTOP|EQ-SCREW;60
ENG-03;Андреева Анна;power:4;10:00;19:00;12:00;15:00;45;car;55.623995;37.633494;Чертаново, Балаклавский пр-т, д. 40, к. 2;EQ-MEGGER|EQ-MULTI|EQ-PPE|EQ-SCREW;60
ENG-04;Смирнов Олег;power:2;08:00;17:00;12:00;15:00;45;car;55.786705;37.679665;Сокольники, Русаковская ул., д. 64, к. 4;EQ-MULTI|EQ-PPE|EQ-SCREW;60
ENG-05;Козлов Олег;security:2;08:00;17:00;12:00;15:00;45;car;55.746667;37.624309;Замоскворечье, ул. Большая Ордынка, д. 11, к. 3;EQ-DRILL|EQ-LAPTOP|EQ-SCREW;60
ENG-06;Новикова Ольга;security:3;09:00;18:00;12:00;15:00;45;car;55.752643;37.590659;Арбат, Денежный пер., д. 66, к. 2;EQ-DRILL|EQ-LAPTOP|EQ-SCREW;60
ENG-07;Смирнова Ольга;network:4;08:00;17:00;12:00;15:00;45;bike;55.771162;37.604068;Тверской, ул. Долгоруковская, д. 52;EQ-CRIMP|EQ-LANTEST|EQ-LAPTOP|EQ-OTDR|EQ-SCREW;60
ENG-08;Ильин Андрей;power:4;08:00;17:00;12:00;15:00;45;car;55.801239;37.801932;Измайлово, Первомайская ул., д. 30, к. 4;EQ-MEGGER|EQ-MULTI|EQ-PPE|EQ-SCREW;60
ENG-09;Зайцев Олег;power:3;09:00;18:00;12:00;15:00;45;car;55.654473;37.494425;Тропарёво, Никулинская ул., д. 21;EQ-MULTI|EQ-PPE|EQ-SCREW;60
ENG-10;Морозов Виктор;"it:1;network:1";09:00;18:00;12:00;15:00;45;foot;55.831306;37.601577;Останкинский, Звёздный б-р, д. 28;EQ-CRIMP|EQ-LANTEST|EQ-LAPTOP|EQ-SCREW;60
ENG-11;Никитин Денис;security:3;09:00;18:00;12:00;15:00;45;car;55.800689;37.485034;Сокол, Ленинградский пр-т, д. 43;EQ-DRILL|EQ-LAPTOP|EQ-SCREW;60
ENG-12;Волков Николай;hvac:2;10:00;19:00;12:00;15:00;45;car;55.72763;37.579722;Хамовники, ул. Усачёва, д. 48;EQ-GAUGE|EQ-SCREW;60
ENG-13;Смирнов Олег;network:2;08:00;17:00;12:00;15:00;45;car;55.615023;37.626852;Чертаново, Чертановская ул., д. 67, к. 1;EQ-CRIMP|EQ-LANTEST|EQ-LAPTOP|EQ-SCREW;60
ENG-14;Тимофеев Кирилл;"it:2;security:1";08:00;17:00;12:00;15:00;45;car;55.757792;37.646168;Басманный, Спартаковская пл., д. 39, к. 3;EQ-DRILL|EQ-LAPTOP|EQ-SCREW;60
ENG-15;Иванов Павел;network:3;09:00;18:00;12:00;15:00;45;car;55.824152;37.422614;Строгино, Строгинский б-р, д. 65;EQ-CRIMP|EQ-LANTEST|EQ-LAPTOP|EQ-SCREW;60
ENG-16;Тимофеев Игорь;hvac:3;08:00;17:00;12:00;15:00;45;car;55.810236;37.813209;Гольяново, Курганская ул., д. 64;EQ-GAUGE|EQ-SCREW;60
ENG-17;Андреев Артём;network:3;09:00;18:00;12:00;15:00;45;car;55.764772;37.560269;Пресненский, ул. 1905 года, д. 23, к. 4;EQ-CRIMP|EQ-LANTEST|EQ-LAPTOP|EQ-SCREW;60
ENG-18;Козлов Денис;network:4;08:00;17:00;12:00;15:00;45;car;55.78643;37.540413;Хорошёвский, ул. Куусинена, д. 61, к. 2;EQ-CRIMP|EQ-LANTEST|EQ-LAPTOP|EQ-OTDR|EQ-SCREW;60
