id;name;bulky;units;stock
EQ-OTDR;Оптический рефлектометр OTDR;0;2;WH-N
EQ-SPLICE;Сварочный аппарат для оптоволокна;0;2;WH-N
EQ-CRIMP;Обжимной инструмент RJ-45;0;10;all
EQ-LANTEST;Кабельный тестер;0;8;all
EQ-LAPTOP;Ноутбук с ПО настройки;0;20;all
EQ-MULTI;Мультиметр;0;12;all
EQ-MEGGER;Мегаомметр;0;2;WH-S
EQ-THERMAL;Тепловизор;0;2;WH-S
EQ-PPE;Комплект СИЗ для работ под напряжением;0;8;all
EQ-TROLLEY;Гидравлическая тележка;1;5;all
EQ-GAUGE;Манометрический коллектор;0;7;all
EQ-VACUUM;Вакуумный насос;1;5;all
EQ-FREON;Баллон с хладагентом;1;6;all
EQ-DRILL;Перфоратор с набором буров;0;10;all
EQ-LADDER;Стремянка 3 м;1;7;all
EQ-PROG;Программатор СКУД;0;2;WH-E
EQ-SCREW;Набор отвёрток и бит;0;20;all
