at;type;payload;comment
08:10;engineer_unavailable;ENG-01;Петров Максим на больничном — заявки надо перераспределить
08:18;job_created;JOB-0010;urgent · Детский сад №78 — Замена и настройка рабочего места
08:34;job_created;JOB-0046;urgent · Типография «Оттиск» — Настройка контроллера СКУД
08:38;job_created;JOB-0027;normal · Поликлиника №34 — Монтаж камеры видеонаблюдения
09:23;job_created;JOB-0062;normal · Детский сад №78 — Настройка коммутатора / маршрутизатора
10:00;job_overrun;JOB-0009:+45;БЦ «Меркурий»: +45 мин, работы сложнее ожидаемого
10:00;job_cancelled;JOB-0012;ТЦ «Северный» отменил визит
10:06;job_created;JOB-0044;normal · Коворкинг «Этаж» — Настройка контроллера СКУД
10:08;job_created;JOB-0019;normal · БЦ «Меркурий» — Диагностика обрыва оптической линии
10:25;job_created;JOB-0021;urgent · Отель «Заря» — Настройка коммутатора / маршрутизатора
11:00;job_overrun;JOB-0024:+45;Технопарк «Прогресс»: +45 мин, работы сложнее ожидаемого
11:04;job_created;JOB-0049;normal · Технопарк «Прогресс» — Замена источника бесперебойного питания
11:15;job_overrun;JOB-0028:+30;Библиотека им. Чехова: +30 мин, работы сложнее ожидаемого
11:17;job_created;JOB-0020;urgent · Кинотеатр «Экран» — Настройка коммутатора / маршрутизатора
11:27;job_created;JOB-0005;normal · Библиотека им. Чехова — Монтаж СКС: розетки и патч-панель
11:30;job_created;JOB-0036;normal · Логистический центр «Восток» — Настройка контроллера СКУД
11:30;job_overrun;JOB-0070:+45;Кинотеатр «Экран»: +45 мин, работы сложнее ожидаемого
11:40;job_cancelled;JOB-0025;Гипермаркет «Волна» отменил визит
12:39;job_created;JOB-0003;normal · Кинотеатр «Экран» — Настройка коммутатора / маршрутизатора
12:56;job_created;JOB-0054;urgent · Ресторан «Веранда» — Дозаправка системы хладагентом
13:15;job_created;JOB-0034;normal · Школа №1210 — Замена источника бесперебойного питания
13:20;vehicle_breakdown;ENG-08;Ильин Андрей: сломался автомобиль, дальше пешком
13:26;job_created;JOB-0002;urgent · Аптека «Здоровье» — Настройка коммутатора / маршрутизатора
13:35;job_created;JOB-0022;normal · Детский сад №78 — Замена и настройка рабочего места
14:07;job_created;JOB-0064;normal · Аптека «Здоровье» — Замена и настройка рабочего места
14:21;job_created;JOB-0043;normal · Ресторан «Веранда» — Техобслуживание кондиционера
14:28;job_created;JOB-0060;normal · Логистический центр «Восток» — Аварийное восстановление канала связи
14:35;job_created;JOB-0014;normal · Библиотека им. Чехова — Техобслуживание кондиционера
14:42;job_created;JOB-0045;urgent · Технопарк «Прогресс» — Техобслуживание кондиционера
14:51;job_created;JOB-0047;normal · Технопарк «Прогресс» — Монтаж СКС: розетки и патч-панель
15:09;job_created;JOB-0004;urgent · Детский сад №78 — Замена и настройка рабочего места
