id;external_id;customer;district;address;lat;lon;work_type_id;specialization;min_level;complexity;duration_min;required_equipment;tw_start;tw_end;tw_hard;priority;sla_deadline;created_at;known_at_day_start;status;contact_phone
JOB-0001;ЗН-260812-0001;Школа №1210;Басманный;Басманный, Спартаковская пл., д. 62;55.774524;37.678603;WT-05;power;4;3;175;EQ-MULTI|EQ-MEGGER|EQ-PPE;08:00;19:00;0;normal;19:00;2026-08-11 18:00;1;new;+7 998 180-14-65
JOB-0002;ЗН-260812-0002;Аптека «Здоровье»;Марьина Роща;Марьина Роща, ул. Двинцев, д. 41;55.802329;37.612356;WT-03;network;3;1;45;EQ-LAPTOP;13:26;19:00;0;urgent;17:26;2026-08-12 13:26;0;new;+7 931 481-56-83
JOB-0003;ЗН-260812-0003;Кинотеатр «Экран»;Арбат;Арбат, ул. Новый Арбат, д. 66;55.749631;37.587457;WT-03;network;3;3;60;EQ-LAPTOP;16:00;19:00;0;normal;19:00;2026-08-12 12:39;0;new;+7 925 651-80-82
JOB-0004;ЗН-260812-0004;Детский сад №78;Царицыно;Царицыно, ул. Бехтерева, д. 9;55.614617;37.663494;WT-11;it;1;3;50;EQ-LAPTOP|EQ-SCREW;15:09;19:00;0;urgent;19:00;2026-08-12 15:09;0;new;+7 916 377-94-89
JOB-0005;ЗН-260812-0005;Библиотека им. Чехова;Хамовники;Хамовники, Фрунзенская наб., д. 47;55.725308;37.561485;WT-02;network;2;3;135;EQ-CRIMP|EQ-LANTEST|EQ-DRILL;13:00;17:00;0;normal;17:00;2026-08-12 11:27;0;new;+7 977 871-68-56
JOB-0006;ЗН-260812-0006;Поликлиника №34;Кунцево;Кунцево, ул. Молдавская, д. 20;55.738955;37.364952;WT-11;it;1;3;50;EQ-LAPTOP|EQ-SCREW;13:00;17:00;0;normal;17:00;2026-08-11 18:00;1;new;+7 935 872-50-65
JOB-0007;ЗН-260812-0007;БЦ «Меркурий»;Строгино;Строгино, Строгинский б-р, д. 39, к. 3;55.808888;37.438445;WT-08;hvac;3;4;100;EQ-GAUGE|EQ-FREON;08:00;19:00;0;normal;19:00;2026-08-11 18:00;1;new;+7 981 152-36-10
JOB-0008;ЗН-260812-0008;Поликлиника №34;Хорошёвский;Хорошёвский, Полины Осипенко ул., д. 52;55.76969;37.531405;WT-09;security;2;4;110;EQ-DRILL|EQ-LADDER|EQ-LAPTOP;13:00;16:00;0;normal;16:00;2026-08-11 18:00;1;new;+7 970 678-14-55
JOB-0009;ЗН-260812-0009;БЦ «Меркурий»;Кунцево;Кунцево, Рублёвское ш., д. 16, к. 3;55.725635;37.434807;WT-11;it;1;3;50;EQ-LAPTOP|EQ-SCREW;10:00;14:00;0;normal;14:00;2026-08-11 18:00;1;new;+7 953 425-74-61
JOB-0010;ЗН-260812-0010;Детский сад №78;Хорошёвский;Хорошёвский, Полины Осипенко ул., д. 63;55.766579;37.515139;WT-11;it;1;4;60;EQ-LAPTOP|EQ-SCREW;12:00;19:00;0;urgent;12:18;2026-08-12 08:18;0;new;+7 945 269-50-86
JOB-0011;ЗН-260812-0011;Школа №1210;Медведково;Медведково, Осташковская ул., д. 2;55.883184;37.628366;WT-09;security;2;3;95;EQ-DRILL|EQ-LADDER|EQ-LAPTOP;08:00;19:00;0;normal;19:00;2026-08-11 18:00;1;new;+7 925 603-42-23
JOB-0012;ЗН-260812-0012;ТЦ «Северный»;Тверской;Тверской, 1-я Тверская-Ямская ул., д. 53;55.777573;37.628742;WT-04;power;2;4;100;EQ-MULTI|EQ-TROLLEY;15:00;18:00;0;normal;18:00;2026-08-11 18:00;1;new;+7 981 116-30-89
JOB-0013;ЗН-260812-0013;Детский сад №78;Отрадное;Отрадное, ул. Декабристов, д. 17;55.86538;37.587061;WT-10;security;3;3;110;EQ-LAPTOP|EQ-PROG;12:00;15:00;1;normal;15:00;2026-08-11 18:00;1;new;+7 990 955-70-65
JOB-0014;ЗН-260812-0014;Библиотека им. Чехова;Чертаново;Чертаново, Балаклавский пр-т, д. 46, к. 4;55.607646;37.599644;WT-07;hvac;2;2;70;EQ-GAUGE|EQ-VACUUM;08:00;19:00;0;normal;19:00;2026-08-12 14:35;0;new;+7 999 391-99-18
JOB-0015;ЗН-260812-0015;Технопарк «Прогресс»;Пресненский;Пресненский, Шмитовский пр-д, д. 54;55.767689;37.555584;WT-06;power;3;5;145;EQ-MULTI|EQ-THERMAL;08:00;19:00;0;normal;19:00;2026-08-11 18:00;1;new;+7 933 219-31-77
JOB-0016;ЗН-260812-0016;Фитнес-клуб «Атлант»;Митино;Митино, Пятницкое ш., д. 26, к. 1;55.855693;37.402647;WT-11;it;1;2;45;EQ-LAPTOP|EQ-SCREW;08:00;19:00;0;normal;19:00;2026-08-11 18:00;1;new;+7 975 768-62-26
JOB-0017;ЗН-260812-0017;Ресторан «Веранда»;Печатники;Печатники, ул. Гурьянова, д. 10, к. 2;55.69465;37.718903;WT-11;it;1;4;60;EQ-LAPTOP|EQ-SCREW;09:00;11:00;0;normal;11:00;2026-08-11 18:00;1;new;+7 976 944-20-26
JOB-0018;ЗН-260812-0018;Клиника «Медлайн»;Хорошёвский;Хорошёвский, Полины Осипенко ул., д. 38, к. 3;55.791327;37.505169;WT-04;power;2;3;90;EQ-MULTI|EQ-TROLLEY;13:00;16:00;0;normal;16:00;2026-08-11 18:00;1;new;+7 938 872-74-35
JOB-0019;ЗН-260812-0019;БЦ «Меркурий»;Басманный;Басманный, Старая Басманная ул., д. 47;55.757254;37.662504;WT-01;network;3;3;95;EQ-OTDR|EQ-SPLICE;08:00;19:00;0;normal;19:00;2026-08-12 10:08;0;new;+7 910 605-76-38
JOB-0020;ЗН-260812-0020;Кинотеатр «Экран»;Гольяново;Гольяново, Уссурийская ул., д. 65;55.807688;37.76747;WT-03;network;3;1;45;EQ-LAPTOP;11:17;19:00;0;urgent;15:17;2026-08-12 11:17;0;new;+7 993 260-92-94
JOB-0021;ЗН-260812-0021;Отель «Заря»;Хамовники;Хамовники, ул. Усачёва, д. 41;55.740491;37.574285;WT-03;network;3;2;50;EQ-LAPTOP;10:25;19:00;0;urgent;14:25;2026-08-12 10:25;0;new;+7 968 309-54-60
JOB-0022;ЗН-260812-0022;Детский сад №78;Арбат;Арбат, Смоленская пл., д. 35;55.751319;37.597706;WT-11;it;1;3;50;EQ-LAPTOP|EQ-SCREW;08:00;10:00;1;normal;10:00;2026-08-12 13:35;0;new;+7 929 960-53-67
JOB-0023;ЗН-260812-0023;Клиника «Медлайн»;Кунцево;Кунцево, Ярцевская ул., д. 17;55.730015;37.426659;WT-01;network;3;3;95;EQ-OTDR|EQ-SPLICE;11:00;14:00;0;normal;14:00;2026-08-11 18:00;1;new;+7 966 651-13-24
JOB-0024;ЗН-260812-0024;Технопарк «Прогресс»;Тропарёво;Тропарёво, Ленинский пр-т, д. 3;55.634465;37.499746;WT-03;network;3;3;60;EQ-LAPTOP;12:00;15:00;0;normal;15:00;2026-08-11 18:00;1;new;+7 963 140-91-70
JOB-0025;ЗН-260812-0025;Гипермаркет «Волна»;Басманный;Басманный, Старая Басманная ул., д. 33, к. 2;55.759543;37.673822;WT-07;hvac;2;1;60;EQ-GAUGE|EQ-VACUUM;08:00;19:00;0;normal;19:00;2026-08-11 18:00;1;new;+7 914 311-10-43
JOB-0026;ЗН-260812-0026;Типография «Оттиск»;Ясенево;Ясенево, Новоясеневский пр-т, д. 43;55.621156;37.537233;WT-03;network;3;4;65;EQ-LAPTOP;08:00;19:00;0;normal;19:00;2026-08-11 18:00;1;new;+7 913 544-80-69
JOB-0027;ЗН-260812-0027;Поликлиника №34;Ясенево;Ясенево, ул. Паустовского, д. 52;55.582236;37.541415;WT-09;security;2;2;85;EQ-DRILL|EQ-LADDER|EQ-LAPTOP;14:00;17:00;0;normal;17:00;2026-08-12 08:38;0;new;+7 933 967-57-71
JOB-0028;ЗН-260812-0028;Библиотека им. Чехова;Хамовники;Хамовники, ул. Усачёва, д. 67;55.747087;37.577623;WT-02;network;2;1;105;EQ-CRIMP|EQ-LANTEST|EQ-DRILL;08:00;19:00;0;normal;19:00;2026-08-11 18:00;1;new;+7 911 260-90-45
JOB-0029;ЗН-260812-0029;ТЦ «Северный»;Басманный;Басманный, Спартаковская пл., д. 2;55.77181;37.66423;WT-07;hvac;2;2;70;EQ-GAUGE|EQ-VACUUM;08:00;10:00;1;normal;10:00;2026-08-11 18:00;1;new;+7 963 358-20-30
JOB-0030;ЗН-260812-0030;Кинотеатр «Экран»;Хорошёвский;Хорошёвский, Полины Осипенко ул., д. 31, к. 4;55.788577;37.53544;WT-09;security;2;2;85;EQ-DRILL|EQ-LADDER|EQ-LAPTOP;09:00;11:00;0;normal;11:00;2026-08-11 18:00;1;new;+7 920 327-31-23
JOB-0031;ЗН-260812-0031;Библиотека им. Чехова;Люблино;Люблино, ул. Краснодарская, д. 39;55.681016;37.764784;WT-11;it;1;3;50;EQ-LAPTOP|EQ-SCREW;08:00;19:00;0;normal;19:00;2026-08-11 18:00;1;new;+7 919 308-34-14
JOB-0032;ЗН-260812-0032;Складской комплекс «Тайга»;Кунцево;Кунцево, Рублёвское ш., д. 38;55.75137;37.377962;WT-11;it;1;3;50;EQ-LAPTOP|EQ-SCREW;15:00;19:00;1;normal;19:00;2026-08-11 18:00;1;new;+7 997 676-28-82
JOB-0033;ЗН-260812-0033;Клиника «Медлайн»;Пресненский;Пресненский, Пресненская наб., д. 57;55.760049;37.541049;WT-09;security;2;2;85;EQ-DRILL|EQ-LADDER|EQ-LAPTOP;08:00;19:00;0;normal;19:00;2026-08-11 18:00;1;new;+7 964 260-75-84
JOB-0034;ЗН-260812-0034;Школа №1210;Сокол;Сокол, Чапаевский пер., д. 11, к. 3;55.805618;37.49145;WT-04;power;2;4;100;EQ-MULTI|EQ-TROLLEY;14:00;17:00;0;normal;17:00;2026-08-12 13:15;0;new;+7 939 840-81-37
JOB-0035;ЗН-260812-0035;Типография «Оттиск»;Пресненский;Пресненский, Пресненская наб., д. 64;55.774538;37.572756;WT-02;network;2;3;135;EQ-CRIMP|EQ-LANTEST|EQ-DRILL;08:00;19:00;0;normal;19:00;2026-08-11 18:00;1;new;+7 920 305-26-65
JOB-0036;ЗН-260812-0036;Логистический центр «Восток»;Печатники;Печатники, Шоссейная ул., д. 56;55.701365;37.73368;WT-10;security;3;3;110;EQ-LAPTOP|EQ-PROG;08:00;19:00;0;normal;19:00;2026-08-12 11:30;0;new;+7 932 287-86-95
JOB-0037;ЗН-260812-0037;Складской комплекс «Тайга»;Сокол;Сокол, Чапаевский пер., д. 14;55.800004;37.511064;WT-03;network;3;3;60;EQ-LAPTOP;16:00;19:00;0;normal;19:00;2026-08-11 18:00;1;new;+7 989 506-65-34
JOB-0038;ЗН-260812-0038;Поликлиника №34;Кунцево;Кунцево, Ярцевская ул., д. 21, к. 4;55.719268;37.419967;WT-11;it;1;3;50;EQ-LAPTOP|EQ-SCREW;14:00;17:00;0;normal;17:00;2026-08-11 18:00;1;new;+7 983 225-60-10
JOB-0039;ЗН-260812-0039;Отель «Заря»;Хорошёвский;Хорошёвский, Хорошёвское ш., д. 21;55.771435;37.52029;WT-07;hvac;2;3;80;EQ-GAUGE|EQ-VACUUM;08:00;12:00;0;normal;12:00;2026-08-11 18:00;1;new;+7 999 495-68-97
JOB-0040;ЗН-260812-0040;Фитнес-клуб «Атлант»;Хорошёвский;Хорошёвский, Полины Осипенко ул., д. 24, к. 2;55.766621;37.48972;WT-03;network;3;2;50;EQ-LAPTOP;08:00;19:00;0;normal;19:00;2026-08-11 18:00;1;new;+7 933 722-32-15
JOB-0041;ЗН-260812-0041;Поликлиника №34;Замоскворечье;Замоскворечье, Пятницкая ул., д. 13;55.73728;37.622652;WT-09;security;2;1;75;EQ-DRILL|EQ-LADDER|EQ-LAPTOP;09:00;11:00;1;normal;11:00;2026-08-11 18:00;1;new;+7 950 126-86-51
JOB-0042;ЗН-260812-0042;Отель «Заря»;Тропарёво;Тропарёво, ул. Академика Анохина, д. 9;55.645744;37.486676;WT-11;it;1;3;50;EQ-LAPTOP|EQ-SCREW;08:00;19:00;0;normal;19:00;2026-08-11 18:00;1;new;+7 978 827-60-26
JOB-0043;ЗН-260812-0043;Ресторан «Веранда»;Арбат;Арбат, ул. Новый Арбат, д. 67, к. 3;55.749721;37.58899;WT-07;hvac;2;5;95;EQ-GAUGE|EQ-VACUUM;11:00;15:00;0;normal;15:00;2026-08-12 14:21;0;new;+7 917 281-91-52
JOB-0044;ЗН-260812-0044;Коворкинг «Этаж»;Царицыно;Царицыно, Веселая ул., д. 35;55.631633;37.66953;WT-10;security;3;2;100;EQ-LAPTOP|EQ-PROG;13:00;16:00;1;normal;16:00;2026-08-12 10:06;0;new;+7 965 733-41-21
JOB-0045;ЗН-260812-0045;Технопарк «Прогресс»;Люблино;Люблино, ул. Краснодарская, д. 45;55.684459;37.757449;WT-07;hvac;2;1;60;EQ-GAUGE|EQ-VACUUM;14:42;19:00;0;urgent;18:42;2026-08-12 14:42;0;new;+7 997 815-63-63
JOB-0046;ЗН-260812-0046;Типография «Оттиск»;Марьина Роща;Марьина Роща, Сущёвский Вал, д. 37;55.788949;37.614066;WT-10;security;3;3;110;EQ-LAPTOP|EQ-PROG;08:34;19:00;0;urgent;12:34;2026-08-12 08:34;0;new;+7 959 786-33-60
JOB-0047;ЗН-260812-0047;Технопарк «Прогресс»;Марьина Роща;Марьина Роща, ул. Двинцев, д. 42;55.797984;37.646867;WT-02;network;2;2;120;EQ-CRIMP|EQ-LANTEST|EQ-DRILL;08:00;19:00;0;normal;19:00;2026-08-12 14:51;0;new;+7 954 626-49-95
JOB-0048;ЗН-260812-0048;Отель «Заря»;Люблино;Люблино, Совхозная ул., д. 58;55.669132;37.765104;WT-02;network;2;4;150;EQ-CRIMP|EQ-LANTEST|EQ-DRILL;08:00;19:00;0;normal;19:00;2026-08-11 18:00;1;new;+7 933 995-41-26
JOB-0049;ЗН-260812-0049;Технопарк «Прогресс»;Чертаново;Чертаново, Кировоградская ул., д. 7;55.640873;37.590762;WT-04;power;2;5;110;EQ-MULTI|EQ-TROLLEY;08:00;19:00;0;normal;19:00;2026-08-12 11:04;0;new;+7 926 209-10-23
JOB-0050;ЗН-260812-0050;Складской комплекс «Тайга»;Измайлово;Измайлово, Измайловский б-р, д. 42;55.777777;37.823346;WT-07;hvac;2;1;60;EQ-GAUGE|EQ-VACUUM;08:00;19:00;0;normal;19:00;2026-08-11 18:00;1;new;+7 943 333-49-82
JOB-0051;ЗН-260812-0051;Кинотеатр «Экран»;Гольяново;Гольяново, Курганская ул., д. 32;55.826954;37.819549;WT-08;hvac;3;2;80;EQ-GAUGE|EQ-FREON;13:00;16:00;0;normal;16:00;2026-08-11 18:00;1;new;+7 954 438-60-50
JOB-0052;ЗН-260812-0052;Фитнес-клуб «Атлант»;Медведково;Медведково, Заревый пр-д, д. 27;55.893653;37.65711;WT-09;security;2;2;85;EQ-DRILL|EQ-LADDER|EQ-LAPTOP;08:00;19:00;0;normal;19:00;2026-08-11 18:00;1;new;+7 916 906-15-55
JOB-0053;ЗН-260812-0053;Автосалон «Мотор»;Гольяново;Гольяново, Курганская ул., д. 49, к. 4;55.837454;37.822869;WT-03;network;3;2;50;EQ-LAPTOP;08:00;19:00;0;normal;19:00;2026-08-11 18:00;1;new;+7 950 241-98-79
JOB-0054;ЗН-260812-0054;Ресторан «Веранда»;Тверской;Тверской, 1-я Тверская-Ямская ул., д. 30;55.770174;37.623221;WT-08;hvac;3;2;80;EQ-GAUGE|EQ-FREON;12:56;19:00;0;urgent;16:56;2026-08-12 12:56;0;new;+7 981 974-75-25
JOB-0055;ЗН-260812-0055;Автосалон «Мотор»;Ясенево;Ясенево, Соловьиный пр-д, д. 38;55.614771;37.540619;WT-09;security;2;4;110;EQ-DRILL|EQ-LADDER|EQ-LAPTOP;13:00;17:00;0;normal;17:00;2026-08-11 18:00;1;new;+7 937 867-91-86
JOB-0056;ЗН-260812-0056;Логистический центр «Восток»;Останкинский;Останкинский, Новомосковская ул., д. 48, к. 3;55.824409;37.599401;WT-02;network;2;3;135;EQ-CRIMP|EQ-LANTEST|EQ-DRILL;09:00;12:00;1;normal;12:00;2026-08-11 18:00;1;new;+7 946 435-50-14
JOB-0057;ЗН-260812-0057;Логистический центр «Восток»;Марьина Роща;Марьина Роща, Сущёвский Вал, д. 52;55.797994;37.594742;WT-07;hvac;2;3;80;EQ-GAUGE|EQ-VACUUM;13:00;16:00;0;normal;16:00;2026-08-11 18:00;1;new;+7 994 294-45-22
JOB-0058;ЗН-260812-0058;ТЦ «Северный»;Пресненский;Пресненский, Пресненская наб., д. 21;55.749259;37.572726;WT-11;it;1;3;50;EQ-LAPTOP|EQ-SCREW;13:00;17:00;1;normal;17:00;2026-08-11 18:00;1;new;+7 924 773-41-33
JOB-0059;ЗН-260812-0059;Поликлиника №34;Тверской;Тверской, ул. Долгоруковская, д. 24;55.763502;37.625362;WT-09;security;2;4;110;EQ-DRILL|EQ-LADDER|EQ-LAPTOP;08:00;19:00;0;normal;19:00;2026-08-11 18:00;1;new;+7 937 238-48-75
JOB-0060;ЗН-260812-0060;Логистический центр «Восток»;Измайлово;Измайлово, Сиреневый б-р, д. 8;55.787441;37.8487;WT-12;network;4;2;115;EQ-OTDR|EQ-SPLICE|EQ-LAPTOP;10:00;13:00;0;normal;13:00;2026-08-12 14:28;0;new;+7 955 679-55-18
JOB-0061;ЗН-260812-0061;Ресторан «Веранда»;Чертаново;Чертаново, Балаклавский пр-т, д. 47;55.624894;37.630181;WT-04;power;2;3;90;EQ-MULTI|EQ-TROLLEY;15:00;18:00;1;normal;18:00;2026-08-11 18:00;1;new;+7 929 221-28-35
JOB-0062;ЗН-260812-0062;Детский сад №78;Хорошёвский;Хорошёвский, ул. Куусинена, д. 45;55.780515;37.525031;WT-03;network;3;2;50;EQ-LAPTOP;16:00;19:00;1;normal;19:00;2026-08-12 09:23;0;new;+7 948 391-18-56
JOB-0063;ЗН-260812-0063;Логистический центр «Восток»;Ясенево;Ясенево, Соловьиный пр-д, д. 32;55.5803;37.524767;WT-10;security;3;5;135;EQ-LAPTOP|EQ-PROG;08:00;19:00;0;normal;19:00;2026-08-11 18:00;1;new;+7 952 205-46-17
JOB-0064;ЗН-260812-0064;Аптека «Здоровье»;Замоскворечье;Замоскворечье, Пятницкая ул., д. 9;55.738786;37.618971;WT-11;it;1;2;45;EQ-LAPTOP|EQ-SCREW;14:00;16:00;0;normal;16:00;2026-08-12 14:07;0;new;+7 934 919-39-16
JOB-0065;ЗН-260812-0065;Библиотека им. Чехова;Пресненский;Пресненский, Шмитовский пр-д, д. 5;55.758549;37.554519;WT-03;network;3;2;50;EQ-LAPTOP;10:00;12:00;0;normal;12:00;2026-08-11 18:00;1;new;+7 977 770-15-96
JOB-0066;ЗН-260812-0066;Отель «Заря»;Басманный;Басманный, Спартаковская пл., д. 62;55.761262;37.65442;WT-01;network;3;1;75;EQ-OTDR|EQ-SPLICE;14:00;19:00;0;urgent;12:00;2026-08-12 07:23;1;new;+7 921 850-62-45
JOB-0067;ЗН-260812-0067;Отель «Заря»;Арбат;Арбат, ул. Новый Арбат, д. 10;55.746656;37.606085;WT-01;network;3;2;85;EQ-OTDR|EQ-SPLICE;08:00;19:00;0;normal;19:00;2026-08-11 18:00;1;new;+7 937 458-43-67
JOB-0068;ЗН-260812-0068;Банк «Развитие», офис;Басманный;Басманный, Старая Басманная ул., д. 9;55.775874;37.639505;WT-03;network;3;2;50;EQ-LAPTOP;08:00;19:00;0;normal;19:00;2026-08-11 18:00;1;new;+7 999 969-72-36
JOB-0069;ЗН-260812-0069;Автосалон «Мотор»;Чертаново;Чертаново, Чертановская ул., д. 24, к. 3;55.630582;37.627897;WT-03;network;3;2;50;EQ-LAPTOP;16:00;18:00;1;normal;18:00;2026-08-11 18:00;1;new;+7 928 983-90-61
JOB-0070;ЗН-260812-0070;Кинотеатр «Экран»;Останкинский;Останкинский, ул. Академика Королёва, д. 31;55.836837;37.601572;WT-10;security;3;2;100;EQ-LAPTOP|EQ-PROG;16:00;19:00;0;normal;19:00;2026-08-11 18:00;1;new;+7 982 383-82-16
